Ref,Val,Package,PosX,PosY,Rot,Side
"D1","D","Diode_DO-35",-88.875000,5.450000,90.000000,bottom
"D2","D","Diode_DO-35",-69.875000,15.350000,90.000000,bottom
"D3","D","Diode_DO-35",-50.875000,14.250000,90.000000,bottom
"D4","D","Diode_DO-35",-31.875000,5.450000,90.000000,bottom
"D5","D","Diode_DO-35",-12.875000,5.450000,90.000000,bottom
"D6","D","Diode_DO-35",31.125000,5.450000,90.000000,bottom
"D7","D","Diode_DO-35",50.125000,5.450000,90.000000,bottom
"D8","D","Diode_DO-35",69.125000,14.250000,90.000000,bottom
"D9","D","Diode_DO-35",88.125000,15.350000,90.000000,bottom
"D10","D","Diode_DO-35",107.125000,5.450000,90.000000,bottom
"D11","D","Diode_DO-35",124.625000,5.450000,90.000000,bottom
"D12","D","Diode_DO-35",-88.875000,-12.550000,90.000000,bottom
"D13","D","Diode_DO-35",-69.875000,-2.650000,90.000000,bottom
"D14","D","Diode_DO-35",-50.875000,-3.750000,90.000000,bottom
"D15","D","Diode_DO-35",-31.875000,-12.550000,90.000000,bottom
"D16","D","Diode_DO-35",-12.875000,-12.550000,90.000000,bottom
"D17","D","Diode_DO-35",31.125000,-12.550000,90.000000,bottom
"D18","D","Diode_DO-35",50.125000,-12.550000,90.000000,bottom
"D19","D","Diode_DO-35",69.125000,-3.750000,90.000000,bottom
"D20","D","Diode_DO-35",88.125000,-2.650000,90.000000,bottom
"D21","D","Diode_DO-35",107.125000,-12.550000,90.000000,bottom
"D22","D","Diode_DO-35",124.625000,-12.550000,90.000000,bottom
"D23","D","Diode_DO-35",-52.207200,-48.863500,93.000000,bottom
"D24","D","Diode_DO-35",-31.210000,-45.268200,93.000000,bottom
"D25","D","Diode_DO-35",-12.210000,-59.268200,93.000000,bottom
"D26","D","Diode_DO-35",12.210000,-59.268200,87.000000,bottom
"D27","D","Diode_DO-35",31.210000,-45.268200,87.000000,bottom
"D28","D","Diode_DO-35",52.207200,-48.863500,87.000000,bottom
"S1","Keyswitch","Choc_V1_1.00u",-98.000000,9.200000,0.000000,top
"S2","Keyswitch","Choc_V1_1.00u",-79.000000,19.100000,0.000000,top
"S3","Keyswitch","Choc_V1_1.00u",-60.000000,18.000000,0.000000,top
"S4","Keyswitch","Choc_V1_1.00u",-41.000000,9.200000,0.000000,top
"S5","Keyswitch","Choc_V1_1.00u",-22.000000,9.200000,0.000000,top
"S6","Keyswitch","Choc_V1_1.00u",22.000000,9.200000,0.000000,top
"S7","Keyswitch","Choc_V1_1.00u",41.000000,9.200000,0.000000,top
"S8","Keyswitch","Choc_V1_1.00u",60.000000,18.000000,0.000000,top
"S9","Keyswitch","Choc_V1_1.00u",79.000000,19.100000,0.000000,top
"S10","Keyswitch","Choc_V1_1.00u",98.000000,9.200000,0.000000,top
"S11","Keyswitch","Choc_V1_1.00u",115.500000,9.200000,0.000000,top
"S12","Keyswitch","Choc_V1_1.00u",-98.000000,-8.800000,0.000000,top
"S13","Keyswitch","Choc_V1_1.00u",-79.000000,1.100000,0.000000,top
"S14","Keyswitch","Choc_V1_1.00u",-60.000000,0.000000,0.000000,top
"S15","Keyswitch","Choc_V1_1.00u",-41.000000,-8.800000,0.000000,top
"S16","Keyswitch","Choc_V1_1.00u",-22.000000,-8.800000,0.000000,top
"S17","Keyswitch","Choc_V1_1.00u",22.000000,-8.800000,0.000000,top
"S18","Keyswitch","Choc_V1_1.00u",41.000000,-8.800000,0.000000,top
"S19","Keyswitch","Choc_V1_1.00u",60.000000,0.000000,0.000000,top
"S20","Keyswitch","Choc_V1_1.00u",79.000000,1.100000,0.000000,top
"S21","Keyswitch","Choc_V1_1.00u",98.000000,-8.800000,0.000000,top
"S22","Keyswitch","Choc_V1_1.00u",115.500000,-8.800000,0.000000,top
"S23","Keyswitch","Choc_V1_1.00u",-60.000000,-44.700000,3.000000,top
"S24","Keyswitch","Choc_V1_1.00u",-41.000000,-41.000000,3.000000,top
"S25","Keyswitch","Choc_V1_1.00u",-22.000000,-55.000000,3.000000,top
"S26","Keyswitch","Choc_V1_1.00u",22.000000,-55.000000,-3.000000,top
"S27","Keyswitch","Choc_V1_1.00u",41.000000,-41.000000,-3.000000,top
"S28","Keyswitch","Choc_V1_1.00u",60.000000,-44.700000,-3.000000,top
"U2","Pico","RPi_PicoW_SMD_TH",0.000000,0.000000,0.000000,top
